sra_id,time,genotype,layout,ref_details
SRX4720625,24,wt,PAIRED,Pawlak M et al 2019
SRX4720626,24,wt,PAIRED,Pawlak M et al 2019
SRX4720628,48,wt,PAIRED,Pawlak M et al 2019
SRX4720629,48,wt,PAIRED,Pawlak M et al 2019
SRX4720631,72,wt,PAIRED,Pawlak M et al 2019
SRX4720632,72,wt,PAIRED,Pawlak M et al 2019
SRX4720634,72,gata5,PAIRED,Pawlak M et al 2019
SRX4720635,72,gata5,PAIRED,Pawlak M et al 2019
SRX4720637,72,tbx5a,PAIRED,Pawlak M et al 2019
SRX4720638,72,tbx5a,PAIRED,Pawlak M et al 2019
SRX4720640,72,hand2,PAIRED,Pawlak M et al 2019
SRX4720641,72,hand2,PAIRED,Pawlak M et al 2019
SRX3187824,36,wt,SINGLE,Hill et al 2017
SRX3187825,30,wt,SINGLE,Hill et al 2017
SRX3187826,72,wt,SINGLE,Hill et al 2017
SRX3187827,66,wt,SINGLE,Hill et al 2017
SRX3187828,48,wt,SINGLE,Hill et al 2017
SRX3187829,42,wt,SINGLE,Hill et al 2017
SRX3187830,72,wt,SINGLE,Hill et al 2017
SRX3187831,66,wt,SINGLE,Hill et al 2017
SRX3187832,60,wt,SINGLE,Hill et al 2017
SRX3187833,54,wt,SINGLE,Hill et al 2017
SRX3187834,48,wt,SINGLE,Hill et al 2017
SRX3187835,42,wt,SINGLE,Hill et al 2017
SRX3187836,36,wt,SINGLE,Hill et al 2017
SRX3187837,30,wt,SINGLE,Hill et al 2017
SRX3187838,36,wt,SINGLE,Hill et al 2017
SRX3187839,30,wt,SINGLE,Hill et al 2017
SRX3187840,66,wt,SINGLE,Hill et al 2017
SRX3187841,72,wt,SINGLE,Hill et al 2017
SRX3187842,54,wt,SINGLE,Hill et al 2017
SRX3187843,60,wt,SINGLE,Hill et al 2017
SRX3187820,60,wt,SINGLE,Hill et al 2017
SRX3187821,54,wt,SINGLE,Hill et al 2017
SRX3187822,48,wt,SINGLE,Hill et al 2017
SRX3187823,42,wt,SINGLE,Hill et al 2017
